"lungs","purple","weigh","surprise","corner","else","drink","physical","palace","title","tower","tired","volume","rule"
"chapter","frequently","wish","musical","basic","shoe","ear","health","gain","realize","wash","remember","quite","well"
"took","small","excellent","wing","farm","rich","bottom","thumb","arrow","card","stood","independent","castle","hole"
"breath","example","action","market","train","popular","present","ago","got","leg","care","dug","major","swam"
"aside","stomach","imagine","cat","remove","scientific","motion","widely","stone","ground","unless","soldier","to","tell"
"slept","due","half","must","instead","topic","observe","nearest","poetry","upward","though","coal","whispered","opposite"
"teeth","eaten","neighborhood","cabin","addition","bar","progress","strong","close","difference","attention","ocean","series","labor"
"birth","rear","program","tomorrow","secret","orange","favorite","headed","list","near","remarkable","development","therefore","magnet"
"theory","cloth","alike","heat","broad","zero","badly","how","compound","saw","purple","sell","valley","brick"
"army","modern","title","cup","party","youth","syllable","usually","essential","course","lucky","provide","fallen","refused"
"spring","plates","noise","both","group","still","dried","now","especially","around","silver","fort","finest","electric"
"bottle","snake","up","be","suggest","two","coat","would","wing","bell","becoming","place","dog","huge"
"comfortable","aware","beautiful","greatly","dot","snake","slide","gather","feel","tank","roar","national","personal","follow"
"dawn","faster","means","badly","trunk","soldier","calm","porch","shadow","picture","success","corn","yesterday","sea"
"teeth","setting","golden","silly","region","place","atom","knife","produce","heart","wear","kitchen","anyway","therefore"
"visitor","till","sold","learn","third","brick","nest","health","place","glass","choice","broke","safe","appearance"